lambda_fair,val_auc,val_pearson_sq
0.0,0.7235292792320251,0.03544105216860771
2.0,0.70700603723526,0.0329631045460701
10.0,0.6214170455932617,0.03106447122991085
25.0,0.5742985010147095,0.029022518545389175
50.0,0.5521664023399353,0.028836997225880623
